{"cameraMode":{"drawMode":0,"name":"Shaded","section":"Shading Mode"},"sceneLighting":true,"audioPlay":false,"sceneViewState":{"m_AlwaysRefresh":false,"showFog":true,"showSkybox":true,"showFlares":true,"showImageEffects":true,"showParticleSystems":true,"showVisualEffectGraphs":true,"m_FxEnabled":true},"in2DMode":false,"pivot":{"x":-48.57179641723633,"y":1.2830309867858887,"z":-32.252986907958987},"rotation":{"x":0.0646209716796875,"y":0.6186005473136902,"z":-0.051141392439603809,"w":0.7814170718193054},"size":3.4147768020629885,"orthographic":false}