{"cameraMode":{"drawMode":0,"name":"Shaded","section":"Shading Mode"},"sceneLighting":true,"audioPlay":false,"sceneViewState":{"m_AlwaysRefresh":false,"showFog":true,"showSkybox":true,"showFlares":true,"showImageEffects":true,"showParticleSystems":true,"showVisualEffectGraphs":true,"m_FxEnabled":true},"in2DMode":false,"pivot":{"x":-51.428070068359378,"y":6.882940292358398,"z":-34.755401611328128},"rotation":{"x":-0.13125166296958924,"y":-0.44961878657341006,"z":0.06700077652931214,"w":-0.8810026049613953},"size":20.530094146728517,"orthographic":false}