{"cameraMode":{"drawMode":0,"name":"Shaded","section":"Shading Mode"},"sceneLighting":true,"audioPlay":false,"sceneViewState":{"m_AlwaysRefresh":false,"showFog":true,"showSkybox":true,"showFlares":true,"showImageEffects":true,"showParticleSystems":true,"showVisualEffectGraphs":true,"m_FxEnabled":true},"in2DMode":false,"pivot":{"x":-102.59806823730469,"y":-7.8483428955078129,"z":-64.68434143066406},"rotation":{"x":0.05809257552027702,"y":0.9413079619407654,"z":-0.21722140908241273,"w":0.25169414281845095},"size":16.455373764038087,"orthographic":false}