{"cameraMode":{"drawMode":0,"name":"Shaded","section":"Shading Mode"},"sceneLighting":true,"audioPlay":false,"sceneViewState":{"m_AlwaysRefresh":false,"showFog":true,"showSkybox":true,"showFlares":true,"showImageEffects":true,"showParticleSystems":true,"showVisualEffectGraphs":true,"m_FxEnabled":true},"in2DMode":false,"pivot":{"x":2.3697550296783449,"y":2.62919282913208,"z":-31.62591552734375},"rotation":{"x":-0.12203162908554077,"y":-0.44237688183784487,"z":0.060900211334228519,"w":-0.8864027857780457},"size":1.8120917081832886,"orthographic":false}