{"cameraMode":{"drawMode":0,"name":"Shaded","section":"Shading Mode"},"sceneLighting":false,"audioPlay":false,"sceneViewState":{"m_AlwaysRefresh":false,"showFog":true,"showSkybox":true,"showFlares":true,"showImageEffects":true,"showParticleSystems":true,"showVisualEffectGraphs":true,"m_FxEnabled":true},"in2DMode":false,"pivot":{"x":-49.689998626708987,"y":11.380000114440918,"z":-34.17497634887695},"rotation":{"x":0.23758716881275178,"y":0.26130297780036929,"z":-0.06651761382818222,"w":0.9331880211830139},"size":1.1563522815704346,"orthographic":false}