{"cameraMode":{"drawMode":0,"name":"Shaded","section":"Shading Mode"},"sceneLighting":false,"audioPlay":false,"sceneViewState":{"m_AlwaysRefresh":false,"showFog":true,"showSkybox":true,"showFlares":true,"showImageEffects":true,"showParticleSystems":true,"showVisualEffectGraphs":true,"m_FxEnabled":true},"in2DMode":false,"pivot":{"x":-64.50833892822266,"y":1.8197200298309327,"z":-32.08388900756836},"rotation":{"x":0.052358172833919528,"y":0.8882226943969727,"z":-0.10466402769088745,"w":0.44425761699676516},"size":0.7304425239562988,"orthographic":false}