{"cameraMode":{"drawMode":0,"name":"Shaded","section":"Shading Mode"},"sceneLighting":true,"audioPlay":false,"sceneViewState":{"m_AlwaysRefresh":false,"showFog":true,"showSkybox":true,"showFlares":true,"showImageEffects":true,"showParticleSystems":true,"showVisualEffectGraphs":true,"m_FxEnabled":true},"in2DMode":false,"pivot":{"x":0.6944360136985779,"y":2.381288766860962,"z":15.929313659667969},"rotation":{"x":-0.18795908987522126,"y":0.047709666192531589,"z":-0.009141611866652966,"w":-0.9809766411781311},"size":0.11426789313554764,"orthographic":false}