{"cameraMode":{"drawMode":0,"name":"Shaded","section":"Shading Mode"},"sceneLighting":true,"audioPlay":false,"sceneViewState":{"m_AlwaysRefresh":false,"showFog":true,"showSkybox":true,"showFlares":true,"showImageEffects":true,"showParticleSystems":true,"showVisualEffectGraphs":true,"m_FxEnabled":true},"in2DMode":false,"pivot":{"x":-113.85911560058594,"y":6.9446234703063969,"z":-47.2838134765625},"rotation":{"x":0.0014815002214163542,"y":0.9982225298881531,"z":0.05215621367096901,"w":-0.028179220855236055},"size":6.895520210266113,"orthographic":false}