{"cameraMode":{"drawMode":0,"name":"Shaded","section":"Shading Mode"},"sceneLighting":true,"audioPlay":false,"sceneViewState":{"m_AlwaysRefresh":false,"showFog":true,"showSkybox":true,"showFlares":true,"showImageEffects":true,"showParticleSystems":true,"showVisualEffectGraphs":true,"m_FxEnabled":true},"in2DMode":false,"pivot":{"x":11.396610260009766,"y":0.3010949492454529,"z":-20.436084747314454},"rotation":{"x":0.002502704504877329,"y":0.997143566608429,"z":-0.03831969574093819,"w":0.06529266387224198},"size":60.63206100463867,"orthographic":false}