{"cameraMode":{"drawMode":0,"name":"Shaded","section":"Shading Mode"},"sceneLighting":true,"audioPlay":false,"sceneViewState":{"m_AlwaysRefresh":false,"showFog":true,"showSkybox":true,"showFlares":true,"showImageEffects":true,"showParticleSystems":true,"showVisualEffectGraphs":true,"m_FxEnabled":true},"in2DMode":false,"pivot":{"x":-62.81546401977539,"y":2.3531060218811037,"z":-32.32589340209961},"rotation":{"x":0.012877496890723706,"y":-0.9826852083206177,"z":0.16910181939601899,"w":0.07505591958761215},"size":1.528278112411499,"orthographic":false}