{"cameraMode":{"drawMode":0,"name":"Shaded","section":"Shading Mode"},"sceneLighting":true,"audioPlay":false,"sceneViewState":{"m_AlwaysRefresh":false,"showFog":true,"showSkybox":true,"showFlares":true,"showImageEffects":true,"showParticleSystems":true,"showVisualEffectGraphs":true,"m_FxEnabled":true},"in2DMode":false,"pivot":{"x":-104.26893615722656,"y":3.1617894172668459,"z":-31.686195373535158},"rotation":{"x":-0.07009246945381165,"y":-0.04160524532198906,"z":0.00293445261195302,"w":-0.9966960549354553},"size":2.842593193054199,"orthographic":false}