{"cameraMode":{"drawMode":0,"name":"Shaded","section":"Shading Mode"},"sceneLighting":false,"audioPlay":false,"sceneViewState":{"m_AlwaysRefresh":false,"showFog":true,"showSkybox":false,"showFlares":true,"showImageEffects":true,"showParticleSystems":true,"showVisualEffectGraphs":true,"m_FxEnabled":true},"in2DMode":false,"pivot":{"x":-1.7881393432617188e-7,"y":-5.960464477539063e-8,"z":0.4994555115699768},"rotation":{"x":-0.08539614081382752,"y":0.6403429508209229,"z":-0.07196725159883499,"w":-0.7599397897720337},"size":0.6496642231941223,"orthographic":false}