{"cameraMode":{"drawMode":0,"name":"Shaded","section":"Shading Mode"},"sceneLighting":false,"audioPlay":false,"sceneViewState":{"m_AlwaysRefresh":false,"showFog":true,"showSkybox":false,"showFlares":true,"showImageEffects":true,"showParticleSystems":true,"showVisualEffectGraphs":true,"m_FxEnabled":true},"in2DMode":false,"pivot":{"x":-3.4115757942199709,"y":1.8583496809005738,"z":-13.276315689086914},"rotation":{"x":0.06336530297994614,"y":0.1565505713224411,"z":-0.0100462781265378,"w":0.9856113195419312},"size":-0.28507083654403689,"orthographic":false}